{
  "model_id": "depth-anything/Depth-Anything-V2-Metric-Indoor-Small-hf",
  "is_metric": true,
  "n_samples": 15,
  "n_pixels_total": 4608000,
  "min": 0.217730313539505,
  "max": 3.381075859069824,
  "mean": 1.0005946159362793,
  "std": 0.4078802466392517,
  "p1": 0.34604406356811523,
  "p5": 0.4374939501285553,
  "p25": 0.7353277802467346,
  "p50": 0.9308120012283325,
  "p75": 1.2148356437683105,
  "p95": 1.778982400894165,
  "p99": 2.3033928871154785
}