{"resolution": 0.05, "origin": [-26.925000762939455, -23.425000762939455]}