{
  "model": "depth-anything/Depth-Anything-V2-Metric-Indoor-Small-hf",
  "n_real_frames": 600,
  "n_est_frames": 12,
  "max_median_depth_m_filter": 0.85,
  "kept_src_idxs": [
    23024,
    71376,
    110517,
    119727,
    29931,
    48351,
    131240,
    55258,
    69073,
    73678,
    41444,
    96703
  ],
  "kept_median_depths_m": [
    0.3996849060058594,
    0.4621950387954712,
    0.490239679813385,
    0.505768895149231,
    0.5067592859268188,
    0.6016857624053955,
    0.6027472019195557,
    0.6235265731811523,
    0.6235625743865967,
    0.6310040354728699,
    0.6344088315963745,
    0.6612756252288818
  ],
  "real_stats_m": {
    "min": 0.05509999766945839,
    "p1": 0.06030000001192093,
    "p5": 0.06629999727010727,
    "p25": 0.140299990773201,
    "p50": 0.16569998860359192,
    "p75": 0.19599999487400055,
    "p95": 0.2777000069618225,
    "p99": 1.2598999738693237,
    "max": 6.553499698638916,
    "mean": 0.19572122395038605,
    "std": 0.31148818135261536
  },
  "est_stats_m": {
    "min": 0.21668002009391785,
    "p1": 0.3345478469133377,
    "p5": 0.388774661719799,
    "p25": 0.4785791262984276,
    "p50": 0.5556775033473969,
    "p75": 0.6509327292442322,
    "p95": 0.7837639302015298,
    "p99": 1.451552667617797,
    "max": 1.8779200315475464,
    "mean": 0.5816754698753357,
    "std": 0.17792604863643646
  },
  "suggested_clip_real_m": [
    0.06629999727010727,
    0.2777000069618225
  ],
  "suggested_clip_est_m": [
    0.388774661719799,
    0.7837639302015298
  ],
  "rescale_strategy": "per-source linear to [0,1] using suggested_clip then shared turbo colormap"
}