{
  "validation": {
    "mean_error_per_joint": [
      2.5230801105499268,
      6.13140869140625,
      10.635444641113281,
      14.150519371032715,
      1.2484668493270874,
      7.809506893157959
    ],
    "max_error_per_joint": [
      11.295578002929688,
      24.303569793701172,
      23.717378616333008,
      71.18598175048828,
      4.308914661407471,
      28.198871612548828
    ],
    "overall_mean_error": 7.083069324493408,
    "overall_max_error": 71.18598175048828
  },
  "train": {
    "mean_error_per_joint": [
      1.8135557174682617,
      5.652434825897217,
      5.610365867614746,
      10.190327644348145,
      1.5644307136535645,
      5.4175801277160645
    ],
    "max_error_per_joint": [
      9.978785514831543,
      32.7602653503418,
      43.610862731933594,
      93.68507385253906,
      19.320446014404297,
      25.019569396972656
    ],
    "overall_mean_error": 5.041449546813965,
    "overall_max_error": 93.68507385253906
  }
}